lastUpdated,title,url
" This page was last edited on 19 September 2020, at 00:35",Kevin Bacon,https://en.wikipedia.org/wiki/Kevin_Bacon
" This page was last edited on 21 July 2020, at 00:07",Screen Actors Guild Awards,https://en.wikipedia.org/wiki/Screen_Actors_Guild_Award
" This page was last edited on 8 September 2020, at 12:45",Golden Globe Awards,https://en.wikipedia.org/wiki/Golden_Globe_Award
" This page was last edited on 18 August 2020, at 20:30", (TV series),https://en.wikipedia.org/wiki/I_Love_Dick_(TV_series)
" This page was last edited on 6 September 2020, at 23:58",List of social networking websites,https://en.wikipedia.org/wiki/Social_networks
" This page was last edited on 3 October 2020, at 12:56",Hollywood Walk of Fame,https://en.wikipedia.org/wiki/Hollywood_Walk_of_Fame
" This page was last edited on 14 August 2020, at 04:30",Golden Globe Award for Best Actor â€“ Television Series Musical or Comedy,https://en.wikipedia.org/wiki/Golden_Globe_Award_for_Best_Actor_%E2%80%93_Television_Series_Musical_or_Comedy
" This page was last edited on 22 September 2020, at 10:27",Primetime Emmy Award,https://en.wikipedia.org/wiki/Primetime_Emmy_Award
" This page was last edited on 3 September 2020, at 14:05",[<Selector xpath='//h1/i/text()' data='Taking Chance'>],https://en.wikipedia.org/wiki/Taking_Chance
" This page was last edited on 1 October 2020, at 12:55",Academy Awards,https://en.wikipedia.org/wiki/Academy_Award
" This page was last edited on 18 September 2020, at 16:08",[<Selector xpath='//h1/i/text()' data='The Guardian'>],https://en.wikipedia.org/wiki/The_Guardian
" This page was last edited on 26 May 2020, at 18:28",Obie Award,https://en.wikipedia.org/wiki/Obie_Award
" This page was last edited on 5 October 2020, at 13:16",Richard Dean Anderson,https://en.wikipedia.org/wiki/Richard_Dean_Anderson
" This page was last edited on 23 July 2020, at 12:44",Main Page,https://en.wikipedia.org/wiki/Main_Page
" This page was last edited on 11 September 2020, at 16:17",[<Selector xpath='//h1/i/text()' data='The Following'>],https://en.wikipedia.org/wiki/The_Following
" This page was last edited on 23 September 2020, at 20:01", (film),https://en.wikipedia.org/wiki/Patriots_Day_(film)
" This page was last edited on 1 October 2020, at 17:17", (film),https://en.wikipedia.org/wiki/Black_Mass_(film)
" This page was last edited on 6 October 2020, at 15:27",Fox Broadcasting Company,https://en.wikipedia.org/wiki/Fox_Broadcasting_Company
" This page was last edited on 7 October 2020, at 00:10",HBO,https://en.wikipedia.org/wiki/HBO
lastUpdated,title,url
" This page was last edited on 22 September 2022, at 07:42",,https://en.wikipedia.org/wiki/Kevin_Bacon
" This page was last edited on 19 October 2022, at 17:50",,https://en.wikipedia.org/wiki/Bucknell_University
" This page was last edited on 14 July 2022, at 08:53",,https://en.wikipedia.org/wiki/Glory_Van_Scott
" This page was last edited on 17 September 2022, at 03:01",,https://en.wikipedia.org/wiki/Pennsylvania_Governor%27s_School_for_the_Arts
" This page was last edited on 10 July 2022, at 10:03",,https://en.wikipedia.org/wiki/Nancy_Mills
" This page was last edited on 27 September 2022, at 15:47",,https://en.wikipedia.org/wiki/Circle_in_the_Square
" This page was last edited on 13 October 2022, at 05:23",[<Selector xpath='//h1/i/text()' data='Search for Tomorrow'>],https://en.wikipedia.org/wiki/Search_for_Tomorrow
" This page was last edited on 18 October 2022, at 10:44", (magazine),https://en.wikipedia.org/wiki/Cosmopolitan_(magazine)
" This page was last edited on 3 October 2022, at 19:41",[<Selector xpath='//h1/i/text()' data='Guiding Light'>],https://en.wikipedia.org/wiki/Guiding_Light
" This page was last edited on 4 October 2022, at 07:19",,https://en.wikipedia.org/wiki/Julia_R._Masterman_High_School
" This page was last edited on 2 March 2021, at 15:35",,https://en.wikipedia.org/wiki/SixDegrees.org
" This page was last edited on 7 October 2022, at 21:27",,https://en.wikipedia.org/wiki/Fraternities_and_sororities
" This page was last edited on 19 October 2022, at 08:02",,https://en.wikipedia.org/wiki/Six_Degrees_of_Kevin_Bacon
" This page was last edited on 20 October 2022, at 21:15",,https://en.wikipedia.org/wiki/Philadelphia
" This page was last edited on 24 September 2022, at 08:41",,https://en.wikipedia.org/wiki/EE_Limited
" This page was last edited on 5 October 2022, at 19:27",,https://en.wikipedia.org/wiki/Main_Page
" This page was last edited on 27 June 2022, at 04:28",,https://en.wikipedia.org/wiki/Trove_(identifier)
" This page was last edited on 6 October 2022, at 17:02",,https://en.wikipedia.org/wiki/Hollywood_Walk_of_Fame
" This page was last edited on 19 October 2022, at 08:55",CiteSeer,https://en.wikipedia.org/wiki/CiteSeerX_(identifier)
" This page was last edited on 15 October 2022, at 01:16",,https://en.wikipedia.org/wiki/Elizabeth_Catlett
" This page was last edited on 2 October 2022, at 15:14",[<Selector xpath='//h1/i/text()' data='Pittsburgh Post-Gazette'>],https://en.wikipedia.org/wiki/Pittsburgh_Post-Gazette
" This page was last edited on 13 October 2022, at 20:30",,https://en.wikipedia.org/wiki/Nottingham
" This page was last edited on 20 October 2022, at 21:25",,https://en.wikipedia.org/wiki/Skidmore_College
" This page was last edited on 10 July 2022, at 10:03",,https://en.wikipedia.org/wiki/Nancy_Millis
" This page was last edited on 7 October 2022, at 23:04",,https://en.wikipedia.org/wiki/Emmett_Till
" This page was last edited on 20 October 2022, at 14:01",,https://en.wikipedia.org/wiki/Hong_Kong
" This page was last edited on 2 June 2022, at 21:40",[<Selector xpath='//h1/i/text()' data='The Waltz of the Toreadors'>],https://en.wikipedia.org/wiki/The_Waltz_of_the_Toreadors
" This page was last edited on 21 March 2022, at 12:17",[<Selector xpath='//h1/i/text()' data='Uncle Vanya'>],https://en.wikipedia.org/wiki/Uncle_Vanya
" This page was last edited on 11 October 2022, at 11:34",[<Selector xpath='//h1/i/text()' data='John Gabriel Borkman'>],https://en.wikipedia.org/wiki/John_Gabriel_Borkman
" This page was last edited on 17 July 2022, at 05:56", (Strindberg play),https://en.wikipedia.org/wiki/The_Father_(Strindberg_play)
" This page was last edited on 30 July 2022, at 00:42",[<Selector xpath='//h1/i/text()' data='The Man Who Came to Dinner'>],https://en.wikipedia.org/wiki/The_Man_Who_Came_to_Dinner
" This page was last edited on 18 September 2022, at 15:56",[<Selector xpath='//h1/i/text()' data='The Bacchae'>],https://en.wikipedia.org/wiki/The_Bacchae
" This page was last edited on 12 October 2022, at 16:19",,"https://en.wikipedia.org/wiki/Spring_Garden,_Philadelphia,_Pennsylvania"
" This page was last edited on 9 July 2022, at 19:02",,https://en.wikipedia.org/wiki/Philadelphia_High_School_for_Girls
" This page was last edited on 3 October 2022, at 19:41",[<Selector xpath='//h1/i/text()' data='Guiding Light'>],https://en.wikipedia.org/wiki/Roger_Thorpe
" This page was last edited on 16 August 2021, at 16:35",,https://en.wikipedia.org/wiki/Alliance_for_Audited_Media
" This page was last edited on 2 October 2022, at 05:31",,https://en.wikipedia.org/wiki/Bonnie_Fuller
" This page was last edited on 14 July 2022, at 18:41",,https://en.wikipedia.org/wiki/Joanna_Coles
" This page was last edited on 21 February 2022, at 03:12",,https://en.wikipedia.org/wiki/Kate_White
" This page was last edited on 20 March 2022, at 17:38",,https://en.wikipedia.org/wiki/Robert_C._Atherton
" This page was last edited on 16 July 2022, at 16:29",[<Selector xpath='//h1/i/text()' data='Ottawa Citizen'>],https://en.wikipedia.org/wiki/Ottawa_Citizen
" This page was last edited on 17 August 2022, at 13:45",[<Selector xpath='//h1/i/text()' data='Los Angeles Daily News'>],https://en.wikipedia.org/wiki/Los_Angeles_Daily_News
" This page was last edited on 19 August 2022, at 20:40",[<Selector xpath='//h1/i/text()' data='East Bay Times'>],https://en.wikipedia.org/wiki/East_Bay_Times
" This page was last edited on 18 October 2022, at 03:42",[<Selector xpath='//h1/i/text()' data='The Post and Courier'>],https://en.wikipedia.org/wiki/The_Post_and_Courier
" This page was last edited on 21 August 2022, at 20:28",[<Selector xpath='//h1/i/text()' data='Lincoln Journal Star'>],https://en.wikipedia.org/wiki/Lincoln_Journal_Star
" This page was last edited on 17 August 2022, at 13:45",[<Selector xpath='//h1/i/text()' data='Los Angeles Daily News'>],https://en.wikipedia.org/wiki/Daily_News_of_Los_Angeles
" This page was last edited on 15 October 2022, at 13:19",,"https://en.wikipedia.org/wiki/Charleston,_South_Carolina"
" This page was last edited on 8 July 2022, at 17:07", (Bend),https://en.wikipedia.org/wiki/The_Bulletin_(Bend)
" This page was last edited on 16 October 2022, at 14:54",,https://en.wikipedia.org/wiki/United_Church_of_Christ
" This page was last edited on 9 August 2022, at 06:29",[<Selector xpath='//h1/i/text()' data='The Albany Herald'>],https://en.wikipedia.org/wiki/The_Albany_Herald
" This page was last edited on 5 October 2022, at 11:36", (magazine),https://en.wikipedia.org/wiki/Life_(magazine)
" This page was last edited on 14 October 2022, at 17:25",,https://en.wikipedia.org/wiki/Evangelical_Lutheran_Church_in_America
" This page was last edited on 23 August 2022, at 19:07",,https://en.wikipedia.org/wiki/Episcopal_Diocese_of_Pennsylvania
" This page was last edited on 26 September 2022, at 23:35",,https://en.wikipedia.org/wiki/American_Baptist_Churches_USA
" This page was last edited on 15 October 2022, at 08:08",,https://en.wikipedia.org/wiki/Mainline_Protestant
" This page was last edited on 16 October 2022, at 21:56",,https://en.wikipedia.org/wiki/Presbyterian_Church_(USA)
" This page was last edited on 18 October 2022, at 04:00",,https://en.wikipedia.org/wiki/MBS_(identifier)
" This page was last edited on 12 August 2022, at 10:34",,https://en.wikipedia.org/wiki/List_of_Los_Angeles_Historic-Cultural_Monuments_in_South_Los_Angeles
" This page was last edited on 9 March 2022, at 07:30",,"https://en.wikipedia.org/wiki/List_of_Los_Angeles_Historic-Cultural_Monuments_in_Silver_Lake,_Angelino_Heights,_and_Echo_Park"
" This page was last edited on 18 October 2022, at 06:10",,https://en.wikipedia.org/wiki/United_States_Court_of_Appeals_for_the_Third_Circuit
" This page was last edited on 20 September 2022, at 01:56",,https://en.wikipedia.org/wiki/James_A._Byrne_United_States_Courthouse
" This page was last edited on 22 August 2022, at 05:13",,https://en.wikipedia.org/wiki/List_of_Los_Angeles_Historic-Cultural_Monuments_on_the_Westside
" This page was last edited on 22 August 2022, at 05:13",,https://en.wikipedia.org/wiki/List_of_Los_Angeles_Historic-Cultural_Monuments_in_the_Wilshire_and_Westlake_areas
" This page was last edited on 18 September 2021, at 21:09",,https://en.wikipedia.org/wiki/Old_City_Hall_(Philadelphia)
" This page was last edited on 10 October 2022, at 19:51",,https://en.wikipedia.org/wiki/Elizabeth_L._Branch
" This page was last edited on 10 October 2022, at 05:46",,https://en.wikipedia.org/wiki/Kevin_Newsom
" This page was last edited on 8 October 2022, at 18:14",,https://en.wikipedia.org/wiki/Jill_A._Pryor
" This page was last edited on 8 October 2022, at 18:14",,https://en.wikipedia.org/wiki/Robin_S._Rosenbaum
" This page was last edited on 24 August 2022, at 01:53",,https://en.wikipedia.org/wiki/Adalberto_Jordan
" This page was last edited on 26 September 2022, at 15:45",,https://en.wikipedia.org/wiki/Charles_R._Wilson_(judge)
" This page was last edited on 12 August 2022, at 19:48",,https://en.wikipedia.org/wiki/United_States_Court_of_Appeals_for_the_Eleventh_Circuit
" This page was last edited on 17 October 2022, at 03:32",,https://en.wikipedia.org/wiki/William_H._Pryor_Jr.
" This page was last edited on 8 October 2022, at 18:15",,https://en.wikipedia.org/wiki/Mary_Beck_Briscoe
" This page was last edited on 15 June 2022, at 05:41",,https://en.wikipedia.org/wiki/Paul_Joseph_Kelly_Jr.
" This page was last edited on 4 December 2021, at 02:56",,https://en.wikipedia.org/wiki/Terrence_L._O%27Brien
" This page was last edited on 23 August 2022, at 20:40",,https://en.wikipedia.org/wiki/Carlos_F._Lucero
" This page was last edited on 1 September 2022, at 18:18",,https://en.wikipedia.org/wiki/Michael_R._Murphy
" This page was last edited on 2 March 2022, at 18:33",,https://en.wikipedia.org/wiki/David_M._Ebel
" This page was last edited on 7 June 2022, at 19:54",,https://en.wikipedia.org/wiki/Wade_Brorby
" This page was last edited on 7 July 2021, at 03:14",,https://en.wikipedia.org/wiki/Bobby_Baldock
" This page was last edited on 18 May 2022, at 07:05",,https://en.wikipedia.org/wiki/Joey_Vento
" This page was last edited on 31 May 2022, at 00:02",,https://en.wikipedia.org/wiki/Tony_Luke_Jr.
" This page was last edited on 29 March 2022, at 08:18",,https://en.wikipedia.org/wiki/Fried_onion
" This page was last edited on 9 October 2022, at 20:06",,https://en.wikipedia.org/wiki/Cheez_Whiz
" This page was last edited on 30 September 2022, at 04:40",,https://en.wikipedia.org/wiki/Harry_Olivieri
" This page was last edited on 4 September 2022, at 12:41",,https://en.wikipedia.org/wiki/Provolone
" This page was last edited on 13 September 2022, at 19:31",,https://en.wikipedia.org/wiki/Donald_Trump_Supreme_Court_candidates
" This page was last edited on 11 August 2022, at 02:30",,https://en.wikipedia.org/wiki/Pat_Olivieri
" This page was last edited on 14 October 2022, at 12:33",,https://en.wikipedia.org/wiki/Onion
" This page was last edited on 9 October 2022, at 06:42",,https://en.wikipedia.org/wiki/Cloture
" This page was last edited on 1 September 2022, at 19:53",,https://en.wikipedia.org/wiki/United_States_magistrate_judge
" This page was last edited on 18 September 2022, at 13:55",,https://en.wikipedia.org/wiki/Assistant_United_States_Attorney
" This page was last edited on 6 October 2022, at 19:50",,https://en.wikipedia.org/wiki/List_of_Jewish_American_jurists
" This page was last edited on 1 October 2022, at 06:19",,"https://en.wikipedia.org/wiki/Fort_Lauderdale,_Florida"
" This page was last edited on 5 May 2022, at 18:56",,https://en.wikipedia.org/wiki/United_States_Office_of_the_Independent_Counsel
" This page was last edited on 4 July 2022, at 06:08",[<Selector xpath='//h1/i/text()' data='Alabama Legislative Black Caucus v. A...'>],https://en.wikipedia.org/wiki/Alabama_Legislative_Black_Caucus_v._Alabama
" This page was last edited on 10 October 2022, at 11:10",,https://en.wikipedia.org/wiki/United_States_Department_of_Justice
" This page was last edited on 17 October 2022, at 23:39",,https://en.wikipedia.org/wiki/Gerrymandering
" This page was last edited on 8 September 2022, at 18:12",,https://en.wikipedia.org/wiki/John_W._Carlin
" This page was last edited on 21 February 2022, at 23:59",,https://en.wikipedia.org/wiki/Chief_Judge
" This page was last edited on 16 May 2022, at 07:55",,https://en.wikipedia.org/wiki/Kansas_Court_of_Appeals
" This page was last edited on 17 August 2022, at 20:36",,https://en.wikipedia.org/wiki/Eastern_New_Mexico_University
" This page was last edited on 27 June 2022, at 08:57",,https://en.wikipedia.org/wiki/Captain_(United_States)
" This page was last edited on 14 October 2022, at 02:08",,"https://en.wikipedia.org/wiki/Roswell,_New_Mexico"
" This page was last edited on 29 May 2022, at 06:49",,https://en.wikipedia.org/wiki/New_Mexico_National_Guard
" This page was last edited on 10 September 2022, at 18:08",[<Selector xpath='//h1/i/text()' data='Man v. Food'>],https://en.wikipedia.org/wiki/Man_vs._Food
" This page was last edited on 20 September 2022, at 11:35",,https://en.wikipedia.org/wiki/Topeka
" This page was last edited on 8 October 2022, at 18:14",,https://en.wikipedia.org/wiki/M._Casey_Rodgers
" This page was last edited on 22 August 2022, at 08:52",,https://en.wikipedia.org/wiki/Mark_E._Walker
" This page was last edited on 24 September 2022, at 08:06",,https://en.wikipedia.org/wiki/Food_Network
" This page was last edited on 9 October 2022, at 20:41",,https://en.wikipedia.org/wiki/John_Badalamenti
" This page was last edited on 9 October 2022, at 19:15",,https://en.wikipedia.org/wiki/Kathryn_Kimball_Mizelle
" This page was last edited on 9 October 2022, at 22:48",,https://en.wikipedia.org/wiki/Wendy_Berger
" This page was last edited on 10 October 2022, at 00:25",,https://en.wikipedia.org/wiki/T._Kent_Wetherell_II
" This page was last edited on 9 October 2022, at 22:57",,https://en.wikipedia.org/wiki/Allen_Winsor
" This page was last edited on 26 August 2022, at 18:06",,https://en.wikipedia.org/wiki/Cultivar
" This page was last edited on 16 October 2022, at 18:46",,https://en.wikipedia.org/wiki/Women_in_the_United_States_Senate
" This page was last edited on 14 October 2022, at 03:39",,https://en.wikipedia.org/wiki/Democratic_Senatorial_Campaign_Committee
" This page was last edited on 28 June 2021, at 14:12",,https://en.wikipedia.org/wiki/National_Republican_Senatorial_Committee
" This page was last edited on 9 October 2022, at 15:23",,https://en.wikipedia.org/wiki/Parliament_of_Canada
" This page was last edited on 7 October 2022, at 03:03",,https://en.wikipedia.org/wiki/OxfordDictionaries.com
" This page was last edited on 16 October 2022, at 00:19",,https://en.wikipedia.org/wiki/Vice_President_of_the_United_States
" This page was last edited on 10 June 2021, at 04:23",,https://en.wikipedia.org/wiki/Kangaroo_closure
" This page was last edited on 27 August 2022, at 00:44",,https://en.wikipedia.org/wiki/Missouri_Botanical_Garden
" This page was last edited on 14 December 2021, at 02:56",,https://en.wikipedia.org/wiki/Harvard_University_Herbaria
" This page was last edited on 3 October 2022, at 16:36",,https://en.wikipedia.org/wiki/Integrated_Taxonomic_Information_System
" This page was last edited on 11 October 2022, at 15:03",,https://en.wikipedia.org/wiki/Natural_Resources_Conservation_Service
" This page was last edited on 2 August 2022, at 13:29",,https://en.wikipedia.org/wiki/Agricultural_Research_Service
" This page was last edited on 18 June 2022, at 18:46",,https://en.wikipedia.org/wiki/Pan_Britannica_Industries
" This page was last edited on 17 May 2022, at 17:14",,https://en.wikipedia.org/wiki/D._G._Hessayon
" This page was last edited on 14 July 2022, at 12:48",,https://en.wikipedia.org/wiki/Plants_for_a_Future
" This page was last edited on 22 September 2022, at 03:05",,https://en.wikipedia.org/wiki/Miami_Beach_Convention_Center
" This page was last edited on 18 September 2022, at 22:32",,https://en.wikipedia.org/wiki/Lincoln_Road
" This page was last edited on 23 September 2022, at 07:57",,https://en.wikipedia.org/wiki/Lowe_Art_Museum
" This page was last edited on 8 October 2022, at 10:24",,https://en.wikipedia.org/wiki/LoanDepot_Park
" This page was last edited on 20 August 2022, at 12:37",,https://en.wikipedia.org/wiki/Lummus_Park_Historic_District
" This page was last edited on 31 August 2022, at 23:09",,https://en.wikipedia.org/wiki/Miami_Beach_Architectural_District
" This page was last edited on 26 July 2022, at 18:58",,https://en.wikipedia.org/wiki/MacFarlane_Homestead_Historic_District
" This page was last edited on 5 August 2021, at 10:52",,https://en.wikipedia.org/wiki/Jewish_Museum_of_Florida
" This page was last edited on 16 July 2022, at 00:35",,https://en.wikipedia.org/wiki/Homestead_Historic_Downtown_District
" This page was last edited on 23 September 2022, at 07:43",,https://en.wikipedia.org/wiki/Frost_School_of_Music
" This page was last edited on 19 September 2022, at 21:46",,https://en.wikipedia.org/wiki/Fontainebleau_Miami_Beach
" This page was last edited on 8 October 2022, at 10:14",,https://en.wikipedia.org/wiki/Frost_Art_Museum
" This page was last edited on 29 October 2021, at 13:23",,https://en.wikipedia.org/wiki/Holocaust_Memorial_of_the_Greater_Miami_Jewish_Federation
" This page was last edited on 28 August 2022, at 23:11",,https://en.wikipedia.org/wiki/Gulfstream_Park
" This page was last edited on 7 October 2022, at 20:59",,https://en.wikipedia.org/wiki/FTX_Arena
" This page was last edited on 20 October 2022, at 20:00",,https://en.wikipedia.org/wiki/Hard_Rock_Stadium
" This page was last edited on 3 October 2022, at 22:14",,"https://en.wikipedia.org/wiki/Wauchula,_Florida"
" This page was last edited on 16 September 2022, at 10:59",,"https://en.wikipedia.org/wiki/Vero_Beach,_Florida"
" This page was last edited on 3 October 2022, at 21:38",,"https://en.wikipedia.org/wiki/Tavares,_Florida"
" This page was last edited on 6 October 2022, at 15:48",,"https://en.wikipedia.org/wiki/Starke,_Florida"
" This page was last edited on 18 October 2022, at 15:19",,"https://en.wikipedia.org/wiki/Stuart,_Florida"
" This page was last edited on 3 October 2022, at 21:48",,"https://en.wikipedia.org/wiki/Trenton,_Florida"
" This page was last edited on 16 October 2022, at 18:09",,"https://en.wikipedia.org/wiki/Titusville,_Florida"
" This page was last edited on 5 October 2022, at 13:24",,"https://en.wikipedia.org/wiki/St._Augustine,_Florida"
" This page was last edited on 8 October 2022, at 14:33",,https://en.wikipedia.org/wiki/Jewish_Telegraph_Agency
" This page was last edited on 13 October 2022, at 09:53",[<Selector xpath='//h1/i/text()' data='Yale Daily News'>],https://en.wikipedia.org/wiki/Yale_News
" This page was last edited on 20 October 2022, at 12:56",[<Selector xpath='//h1/i/text()' data='The Jewish Chronicle'>],https://en.wikipedia.org/wiki/The_Jewish_Chronicle
" This page was last edited on 15 October 2022, at 08:56",,https://en.wikipedia.org/wiki/Hoover_Institution
" This page was last edited on 3 October 2022, at 16:22",[<Selector xpath='//h1/i/text()' data='The Times of Israel'>],https://en.wikipedia.org/wiki/The_Times_of_Israel
" This page was last edited on 10 April 2022, at 00:34",[<Selector xpath='//h1/i/text()' data='Dictionary of National Biography'>],https://en.wikipedia.org/wiki/Dictionary_of_National_Biography
" This page was last edited on 14 October 2022, at 20:03",,https://en.wikipedia.org/wiki/C-Span
" This page was last edited on 6 October 2022, at 13:44",,https://en.wikipedia.org/wiki/Jewish_United_Fund
" This page was last edited on 6 March 2022, at 08:51",,"https://en.wikipedia.org/wiki/National_Register_of_Historic_Places_listings_in_Highlands_County,_Florida"
" This page was last edited on 23 September 2022, at 18:42",,"https://en.wikipedia.org/wiki/National_Register_of_Historic_Places_listings_in_Hernando_County,_Florida"
" This page was last edited on 5 March 2022, at 20:35",,"https://en.wikipedia.org/wiki/National_Register_of_Historic_Places_listings_in_Glades_County,_Florida"
" This page was last edited on 19 June 2022, at 10:08",,"https://en.wikipedia.org/wiki/National_Register_of_Historic_Places_listings_in_Hamilton_County,_Florida"
" This page was last edited on 29 June 2022, at 14:08",,"https://en.wikipedia.org/wiki/National_Register_of_Historic_Places_listings_in_Gulf_County,_Florida"
" This page was last edited on 6 March 2022, at 08:49",,"https://en.wikipedia.org/wiki/National_Register_of_Historic_Places_listings_in_Hardee_County,_Florida"
" This page was last edited on 6 March 2022, at 08:51",,"https://en.wikipedia.org/wiki/National_Register_of_Historic_Places_listings_in_Hendry_County,_Florida"
" This page was last edited on 22 March 2022, at 00:16",,https://en.wikipedia.org/wiki/List_of_Woman%27s_Clubhouses_in_Florida_on_the_National_Register_of_Historic_Places
" This page was last edited on 14 June 2022, at 04:00",,https://en.wikipedia.org/wiki/TVR_Timi%C8%99oara
" This page was last edited on 14 June 2022, at 04:00",,https://en.wikipedia.org/wiki/TVR_T%C3%A2rgu_Mure%C8%99
" This page was last edited on 18 October 2022, at 18:50",,https://en.wikipedia.org/wiki/Paramount_Channel
" This page was last edited on 3 October 2022, at 09:21",,https://en.wikipedia.org/wiki/TVR_Ia%C8%99i
" This page was last edited on 20 October 2022, at 04:25",,https://en.wikipedia.org/wiki/TVR_Cluj
" This page was last edited on 2 September 2022, at 21:23",,https://en.wikipedia.org/wiki/Richard_Justice
" This page was last edited on 14 June 2022, at 04:00",,https://en.wikipedia.org/wiki/TVR_Craiova
" This page was last edited on 27 September 2022, at 23:37",,https://en.wikipedia.org/wiki/Fangraphs
" This page was last edited on 16 October 2022, at 22:51",,https://en.wikipedia.org/wiki/Sugar_Bowl
" This page was last edited on 17 October 2022, at 11:40",,https://en.wikipedia.org/wiki/Camping_World_Stadium
" This page was last edited on 20 October 2022, at 08:16",,https://en.wikipedia.org/wiki/Avenged_Sevenfold
" This page was last edited on 13 October 2022, at 11:34",,https://en.wikipedia.org/wiki/OneRepublic
" This page was last edited on 21 June 2022, at 11:58",,https://en.wikipedia.org/wiki/Where_We_Are_Tour_(One_Direction)
" This page was last edited on 17 September 2022, at 04:51",,https://en.wikipedia.org/wiki/On_the_Run_Tour_(Beyonc%C3%A9_and_Jay-Z)
" This page was last edited on 10 September 2022, at 14:00",,https://en.wikipedia.org/wiki/The_Joshua_Tree_Tour_2017
" This page was last edited on 3 June 2022, at 17:55",,https://en.wikipedia.org/wiki/Legends_of_the_Summer
" This page was last edited on 18 October 2022, at 01:44",,https://en.wikipedia.org/wiki/Metallica
" This page was last edited on 22 September 2022, at 11:35",,https://en.wikipedia.org/wiki/5_Seconds_of_Summer
" This page was last edited on 17 October 2022, at 19:46", (magazine),https://en.wikipedia.org/wiki/Spin_(magazine)
" This page was last edited on 30 September 2022, at 21:35",,https://en.wikipedia.org/wiki/Parkwood_Entertainment
" This page was last edited on 24 September 2022, at 22:13",,https://en.wikipedia.org/wiki/E!_Online
" This page was last edited on 20 October 2022, at 05:17",,https://en.wikipedia.org/wiki/MTV_Networks
" This page was last edited on 8 September 2022, at 03:28",[<Selector xpath='//h1/i/text()' data='Irish Independent'>],https://en.wikipedia.org/wiki/Irish_Independent
" This page was last edited on 11 October 2022, at 14:01",[<Selector xpath='//h1/i/text()' data='Newsbeat'>],https://en.wikipedia.org/wiki/Newsbeat
" This page was last edited on 17 October 2022, at 11:10",,https://en.wikipedia.org/wiki/Tour_manager
" This page was last edited on 16 January 2022, at 23:24",,https://en.wikipedia.org/wiki/Jana_Fleishman
" This page was last edited on 14 May 2022, at 21:22",,https://en.wikipedia.org/wiki/Crazy_Horse_(cabaret)
" This page was last edited on 9 October 2022, at 18:04",,https://en.wikipedia.org/wiki/Executive_Producer
" This page was last edited on 12 August 2022, at 05:21",,https://en.wikipedia.org/wiki/Ashley_Everett
" This page was last edited on 19 October 2022, at 15:48",,"https://en.wikipedia.org/wiki/Frank_Gatson,_Jr."
" This page was last edited on 17 September 2022, at 04:00",,https://en.wikipedia.org/wiki/IG_Field
" This page was last edited on 3 September 2022, at 23:27",,https://en.wikipedia.org/wiki/Pretty_Hurts
" This page was last edited on 24 July 2022, at 10:07",,https://en.wikipedia.org/wiki/Song_Cry
" This page was last edited on 9 October 2022, at 03:03",,https://en.wikipedia.org/wiki/Winnipeg
" This page was last edited on 5 October 2022, at 22:33",,https://en.wikipedia.org/wiki/AFCA_National_Championship_Trophy
" This page was last edited on 23 May 2022, at 11:10",,https://en.wikipedia.org/wiki/2014_BCS_National_Championship_Game
" This page was last edited on 5 October 2022, at 21:59",,https://en.wikipedia.org/wiki/2011_BCS_National_Championship_Game
" This page was last edited on 22 August 2022, at 13:17",,https://en.wikipedia.org/wiki/2003_Fiesta_Bowl
" This page was last edited on 18 August 2022, at 01:14",,https://en.wikipedia.org/wiki/2008_BCS_National_Championship_Game
" This page was last edited on 26 September 2022, at 04:58",,https://en.wikipedia.org/wiki/2010_BCS_National_Championship_Game
" This page was last edited on 31 August 2022, at 01:36",,https://en.wikipedia.org/wiki/2007_BCS_National_Championship_Game
" This page was last edited on 25 September 2022, at 13:53",,https://en.wikipedia.org/wiki/2006_Rose_Bowl
" This page was last edited on 10 October 2022, at 02:56",,https://en.wikipedia.org/wiki/Estadio_BBVA
" This page was last edited on 15 October 2022, at 13:41",,https://en.wikipedia.org/wiki/Estadio_Akron
" This page was last edited on 20 July 2022, at 12:08",,https://en.wikipedia.org/wiki/Wrigley_Field_(Los_Angeles)
" This page was last edited on 23 August 2022, at 06:00",,https://en.wikipedia.org/wiki/Washington_Park_(baseball)
" This page was last edited on 7 August 2022, at 04:46",,https://en.wikipedia.org/wiki/Turner_Field
" This page was last edited on 1 September 2022, at 23:16",,https://en.wikipedia.org/wiki/West_Side_Park
" This page was last edited on 15 October 2022, at 15:37",,https://en.wikipedia.org/wiki/Veterans_Stadium
" This page was last edited on 1 September 2022, at 11:38",,"https://en.wikipedia.org/wiki/Columbus,_Georgia"
" This page was last edited on 20 September 2022, at 18:24",,"https://en.wikipedia.org/wiki/Joliet,_Illinois"
" This page was last edited on 24 August 2022, at 09:25",,"https://en.wikipedia.org/wiki/Irving,_Texas"
" This page was last edited on 19 September 2022, at 17:36",,"https://en.wikipedia.org/wiki/Whitney,_Nevada"
" This page was last edited on 17 October 2022, at 19:11",,"https://en.wikipedia.org/wiki/Tempe,_Arizona"
" This page was last edited on 2 October 2022, at 19:56",,https://en.wikipedia.org/wiki/Texas_Stadium
" This page was last edited on 29 July 2022, at 14:14",,https://en.wikipedia.org/wiki/Route_66_Raceway
" This page was last edited on 6 October 2022, at 07:38",,https://en.wikipedia.org/wiki/RCA_Dome
" This page was last edited on 19 October 2022, at 12:58",,https://en.wikipedia.org/wiki/Ring_Central_Coliseum
" This page was last edited on 7 October 2022, at 09:22",,https://en.wikipedia.org/wiki/Manitoba_Liberal_Party
" This page was last edited on 1 October 2022, at 04:18",,https://en.wikipedia.org/wiki/New_Democratic_Party_of_Manitoba
" This page was last edited on 2 June 2022, at 09:21",,https://en.wikipedia.org/wiki/CBWT
" This page was last edited on 22 June 2022, at 22:08",,https://en.wikipedia.org/wiki/Progressive_Conservative_Party_of_Manitoba
" This page was last edited on 19 October 2022, at 14:49",,https://en.wikipedia.org/wiki/Ward_(division)
" This page was last edited on 8 September 2022, at 18:30",,https://en.wikipedia.org/wiki/42nd_Manitoba_Legislature
" This page was last edited on 1 October 2022, at 00:08",,https://en.wikipedia.org/wiki/Thunder_Bay
" This page was last edited on 8 October 2022, at 12:58",,"https://en.wikipedia.org/wiki/Law,_government,_and_crime_in_Winnipeg"
" This page was last edited on 4 October 2022, at 10:06",,https://en.wikipedia.org/wiki/CBC_Radio_One
" This page was last edited on 22 September 2022, at 19:16",,https://en.wikipedia.org/wiki/CBW_(AM)
" This page was last edited on 24 May 2022, at 01:24",,https://en.wikipedia.org/wiki/CBWFT-DT
" This page was last edited on 2 June 2022, at 09:21",,https://en.wikipedia.org/wiki/CBWT-DT
" This page was last edited on 9 October 2022, at 20:24",,https://en.wikipedia.org/wiki/Native_Communications_Inc
" This page was last edited on 4 October 2022, at 20:04",,https://en.wikipedia.org/wiki/Media_in_Winnipeg
" This page was last edited on 24 September 2022, at 01:33",,https://en.wikipedia.org/wiki/CBC_Radio_2
" This page was last edited on 12 July 2022, at 06:14",,https://en.wikipedia.org/wiki/International_Hockey_League_(1945%E2%80%932001)
" This page was last edited on 26 June 2022, at 12:43",,https://en.wikipedia.org/wiki/Municipal_waste_management_in_Winnipeg
" This page was last edited on 3 May 2022, at 14:50",,https://en.wikipedia.org/wiki/CFB_Shilo
" This page was last edited on 13 September 2022, at 04:02",,"https://en.wikipedia.org/wiki/Tuxedo,_Winnipeg"
" This page was last edited on 20 October 2022, at 03:34",,"https://en.wikipedia.org/wiki/Brandon,_Manitoba"
" This page was last edited on 31 July 2022, at 23:39",,https://en.wikipedia.org/wiki/Winnipeg_(automobile)
" This page was last edited on 14 May 2022, at 02:54",,"https://en.wikipedia.org/wiki/River_Heights,_Winnipeg"
" This page was last edited on 1 October 2022, at 20:02",,https://en.wikipedia.org/wiki/1951_Pan_American_Games
" This page was last edited on 8 September 2022, at 05:20",,https://en.wikipedia.org/wiki/1979_Pan_American_Games
" This page was last edited on 26 August 2022, at 05:51",,https://en.wikipedia.org/wiki/1963_Pan_American_Games
" This page was last edited on 18 October 2022, at 20:56",,https://en.wikipedia.org/wiki/1971_Pan_American_Games
" This page was last edited on 26 August 2022, at 10:23",,https://en.wikipedia.org/wiki/1975_Pan_American_Games
" This page was last edited on 8 September 2022, at 05:13",,https://en.wikipedia.org/wiki/1959_Pan_American_Games
" This page was last edited on 26 August 2022, at 05:49",,https://en.wikipedia.org/wiki/1955_Pan_American_Games
" This page was last edited on 6 October 2022, at 18:41",,https://en.wikipedia.org/wiki/Cali
" This page was last edited on 9 October 2022, at 23:02",,https://en.wikipedia.org/wiki/Regional_District_of_Central_Okanagan
" This page was last edited on 20 October 2022, at 13:33",,https://en.wikipedia.org/wiki/Brantford
" This page was last edited on 17 October 2022, at 08:29",,https://en.wikipedia.org/wiki/Trois-Rivi%C3%A8res
" This page was last edited on 8 October 2022, at 02:43",,"https://en.wikipedia.org/wiki/Abbotsford,_British_Columbia"
" This page was last edited on 7 September 2022, at 04:17",,"https://en.wikipedia.org/wiki/Saguenay,_Quebec"
" This page was last edited on 6 August 2022, at 01:17",,https://en.wikipedia.org/wiki/St._John%27s_Metropolitan_Area
" This page was last edited on 27 September 2022, at 02:24",,https://en.wikipedia.org/wiki/Guelph
" This page was last edited on 20 October 2022, at 19:01",,https://en.wikipedia.org/wiki/Barrie
" This page was last edited on 4 October 2022, at 13:54",,https://en.wikipedia.org/wiki/Kevin_Pollak
" This page was last edited on 19 October 2022, at 22:00",,https://en.wikipedia.org/wiki/White_Boy_Posse
" This page was last edited on 29 July 2021, at 01:53",,https://en.wikipedia.org/wiki/Gary_Yates_(director)
" This page was last edited on 27 January 2021, at 01:24",,https://en.wikipedia.org/wiki/Drop-in_center
" This page was last edited on 29 November 2021, at 21:18",,https://en.wikipedia.org/wiki/Death_of_Jaylene_Redhead
" This page was last edited on 10 September 2022, at 03:02",[<Selector xpath='//h1/i/text()' data='Yoga Hosers'>],https://en.wikipedia.org/wiki/Yoga_Hosers
" This page was last edited on 7 October 2022, at 20:28",[<Selector xpath='//h1/i/text()' data='Seven Times Lucky'>],https://en.wikipedia.org/wiki/Seven_Times_Lucky
" This page was last edited on 13 October 2022, at 22:18",,https://en.wikipedia.org/wiki/Kevin_Smith
" This page was last edited on 31 January 2022, at 14:53",,https://en.wikipedia.org/wiki/Osnaburgh_63A
" This page was last edited on 31 January 2022, at 15:40",,https://en.wikipedia.org/wiki/Lac_des_Mille_Lacs_22A2
" This page was last edited on 12 July 2022, at 14:59",,https://en.wikipedia.org/wiki/Whitesand_First_Nation
" This page was last edited on 8 June 2022, at 22:02",,https://en.wikipedia.org/wiki/Red_Rock_Indian_Band
" This page was last edited on 31 January 2022, at 15:40",,https://en.wikipedia.org/wiki/Lac_des_Mille_Lacs_22A1
" This page was last edited on 31 January 2022, at 15:44",,https://en.wikipedia.org/wiki/Lake_Helen_53A
" This page was last edited on 29 March 2020, at 03:03",,"https://en.wikipedia.org/wiki/Staunton,_Ontario"
" This page was last edited on 6 October 2022, at 01:02",,https://en.wikipedia.org/wiki/Silver_Islet
" This page was last edited on 9 June 2021, at 18:02", (newspaper),https://en.wikipedia.org/wiki/The_Coast_(newspaper)
" This page was last edited on 10 October 2022, at 03:46",,https://en.wikipedia.org/wiki/2021_Colombian_protests
" This page was last edited on 20 October 2022, at 15:51",,https://en.wikipedia.org/wiki/Cali_explosion
" This page was last edited on 12 May 2022, at 22:10",,https://en.wikipedia.org/wiki/Cali_Fair
" This page was last edited on 12 October 2022, at 20:04",,https://en.wikipedia.org/wiki/Dynamite
" This page was last edited on 15 October 2022, at 16:30",,https://en.wikipedia.org/wiki/Ton
" This page was last edited on 8 July 2022, at 12:59",,https://en.wikipedia.org/wiki/Industrial_sector
" This page was last edited on 14 September 2022, at 03:08",,https://en.wikipedia.org/wiki/Consumer_price_index
" This page was last edited on 17 May 2022, at 18:48",,https://en.wikipedia.org/wiki/Guayas_Province
" This page was last edited on 19 October 2022, at 00:50",,https://en.wikipedia.org/wiki/Rugby_football
" This page was last edited on 14 October 2022, at 19:42",,https://en.wikipedia.org/wiki/Categor%C3%ADa_Primera_A
" This page was last edited on 16 October 2022, at 01:33",,https://en.wikipedia.org/wiki/%C3%93scar_C%C3%B3rdoba
" This page was last edited on 19 September 2022, at 21:02",,https://en.wikipedia.org/wiki/Romantic_comedy
" This page was last edited on 11 October 2022, at 20:25",,https://en.wikipedia.org/wiki/Salsa_dance
" This page was last edited on 17 October 2022, at 15:09",,https://en.wikipedia.org/wiki/Bullfighting
" This page was last edited on 18 October 2022, at 07:47",,https://en.wikipedia.org/wiki/YouTuber
" This page was last edited on 16 September 2022, at 18:09",,https://en.wikipedia.org/wiki/2017_World_Games
" This page was last edited on 26 September 2022, at 05:03",,https://en.wikipedia.org/wiki/2013_World_Games
" This page was last edited on 1 August 2022, at 13:00",,https://en.wikipedia.org/wiki/2009_World_Games
" This page was last edited on 16 September 2022, at 18:10",,https://en.wikipedia.org/wiki/2005_World_Games
" This page was last edited on 15 August 2022, at 03:32",,"https://en.wikipedia.org/wiki/Akita,_Akita"
" This page was last edited on 16 September 2022, at 18:10",,https://en.wikipedia.org/wiki/2001_World_Games
" This page was last edited on 16 October 2022, at 17:36",,https://en.wikipedia.org/wiki/2022_World_Games
" This page was last edited on 12 August 2022, at 02:37",,https://en.wikipedia.org/wiki/2025_World_Games
" This page was last edited on 12 April 2022, at 15:27",,https://en.wikipedia.org/wiki/CIRNAC
" This page was last edited on 6 April 2021, at 02:50",,https://en.wikipedia.org/wiki/Sandy_Hollow_Landfill
" This page was last edited on 18 July 2022, at 15:46",,https://en.wikipedia.org/wiki/Barrie_Police_Service
" This page was last edited on 31 July 2022, at 12:12",,https://en.wikipedia.org/wiki/Georgian_Mall
" This page was last edited on 29 August 2022, at 16:35",,https://en.wikipedia.org/wiki/YouTube_Instant
" This page was last edited on 7 July 2022, at 13:16",,https://en.wikipedia.org/wiki/YouTube_Theater
" This page was last edited on 1 October 2022, at 20:03",,https://en.wikipedia.org/wiki/YouTube_in_education
" This page was last edited on 26 August 2022, at 18:01",,https://en.wikipedia.org/wiki/YouTube_Space
" This page was last edited on 29 August 2022, at 22:19",,https://en.wikipedia.org/wiki/YouTube_suspensions
" This page was last edited on 30 September 2022, at 17:13",,https://en.wikipedia.org/wiki/YouTube_headquarters_shooting
" This page was last edited on 25 July 2022, at 20:45",,https://en.wikipedia.org/wiki/Google_Preferred
" This page was last edited on 15 October 2022, at 04:34", (magazine),https://en.wikipedia.org/wiki/Vulture_(magazine)
" This page was last edited on 4 October 2022, at 02:39",,https://en.wikipedia.org/wiki/Blocking_of_YouTube_videos_in_Germany
" This page was last edited on 30 August 2022, at 11:32",,https://en.wikipedia.org/wiki/Social_in_the_City
" This page was last edited on 1 March 2021, at 16:26", (composition),https://en.wikipedia.org/wiki/Mothership_(composition)
" This page was last edited on 18 October 2022, at 06:56",,https://en.wikipedia.org/wiki/Censorship_of_YouTube
" This page was last edited on 23 May 2022, at 18:32",,https://en.wikipedia.org/wiki/YouTube_Space_Lab
" This page was last edited on 19 August 2022, at 07:40",,https://en.wikipedia.org/wiki/Internet_Symphony_No._1
" This page was last edited on 13 April 2022, at 18:23",,https://en.wikipedia.org/wiki/YouTube_Symphony_Orchestra
" This page was last edited on 19 November 2021, at 11:29",,https://en.wikipedia.org/wiki/Tubecon
" This page was last edited on 27 August 2021, at 05:09",,https://en.wikipedia.org/wiki/Richard_Starkings
" This page was last edited on 19 October 2022, at 07:04",,https://en.wikipedia.org/wiki/Jhonen_Vasquez
" This page was last edited on 20 October 2022, at 02:35",,https://en.wikipedia.org/wiki/Kazuki_Takahashi
" This page was last edited on 25 June 2022, at 23:57",,https://en.wikipedia.org/wiki/Jill_Thompson
" This page was last edited on 6 May 2022, at 01:12",,https://en.wikipedia.org/wiki/Craig_Yoe
" This page was last edited on 13 October 2022, at 02:01",,https://en.wikipedia.org/wiki/Derf_Backderf
" This page was last edited on 12 August 2022, at 18:35",,https://en.wikipedia.org/wiki/Jason_Aaron
" This page was last edited on 15 August 2022, at 18:41",,https://en.wikipedia.org/wiki/Chris_Ware
" This page was last edited on 26 September 2022, at 13:58",,https://en.wikipedia.org/wiki/Yves_Bonnardel
" This page was last edited on 24 April 2021, at 19:58",,https://en.wikipedia.org/wiki/Ord%C3%B3%C3%B1ez_(bullfighter_family)
" This page was last edited on 21 January 2015, at 04:33",,https://en.wikipedia.org/wiki/Alguacilillo
" This page was last edited on 29 September 2022, at 10:06",,https://en.wikipedia.org/wiki/Andalusian_horse
" This page was last edited on 15 June 2021, at 02:35",,https://en.wikipedia.org/wiki/Rejoneador
" This page was last edited on 19 April 2022, at 15:21",,https://en.wikipedia.org/wiki/List_of_bullfighters
" This page was last edited on 8 January 2015, at 09:37",,https://en.wikipedia.org/wiki/Romero_(bullfighter_family)
" This page was last edited on 13 September 2022, at 14:27",,https://en.wikipedia.org/wiki/Montera
" This page was last edited on 2 September 2022, at 03:03",,https://en.wikipedia.org/wiki/Louise_Wallis
" This page was last edited on 2 June 2022, at 14:35",,https://en.wikipedia.org/wiki/Jerry_Vlasak
" This page was last edited on 2 October 2022, at 22:47",,https://en.wikipedia.org/wiki/Gary_Yourofsky
" This page was last edited on 1 October 2022, at 23:57",,https://en.wikipedia.org/wiki/Wendy_Turner-Webster
" This page was last edited on 17 June 2022, at 15:43",,https://en.wikipedia.org/wiki/Kim_Stallwood
" This page was last edited on 2 September 2022, at 03:40",[<Selector xpath='//h1/i/text()' data='Vegucated'>],https://en.wikipedia.org/wiki/Vegucated
" This page was last edited on 19 September 2022, at 14:03",,https://en.wikipedia.org/wiki/Marianne_Thieme
" This page was last edited on 25 April 2022, at 03:30",,https://en.wikipedia.org/wiki/Darren_Thurston
" This page was last edited on 19 October 2022, at 13:50",,https://en.wikipedia.org/wiki/Privacy_Sandbox
" This page was last edited on 8 October 2022, at 16:06",,https://en.wikipedia.org/wiki/OKR
" This page was last edited on 20 October 2022, at 20:44",,https://en.wikipedia.org/wiki/Google_PowerMeter
" This page was last edited on 6 August 2022, at 18:43",,https://en.wikipedia.org/wiki/Google_News_Lab
" This page was last edited on 28 April 2022, at 06:11",,https://en.wikipedia.org/wiki/Project_Nightingale
" This page was last edited on 16 January 2022, at 06:23",,https://en.wikipedia.org/wiki/ML_Fairness
" This page was last edited on 29 September 2022, at 12:32",,https://en.wikipedia.org/wiki/Google_M%C4%81ori
" This page was last edited on 26 September 2022, at 20:57",,https://en.wikipedia.org/wiki/Made_with_Code
" This page was last edited on 18 October 2022, at 13:01",,https://en.wikipedia.org/wiki/Anthropocentrism
" This page was last edited on 14 October 2022, at 13:07",,https://en.wikipedia.org/wiki/Food_chain
" This page was last edited on 19 July 2022, at 18:21",,https://en.wikipedia.org/wiki/Antinaturalism_(politics)
" This page was last edited on 1 October 2022, at 21:22",,https://en.wikipedia.org/wiki/Sentient_individuals
" This page was last edited on 7 October 2022, at 20:09",,https://en.wikipedia.org/wiki/Hedonistic_utilitarianism
" This page was last edited on 9 September 2022, at 12:28",,https://en.wikipedia.org/wiki/Balance_of_nature
" This page was last edited on 20 October 2022, at 18:38",,https://en.wikipedia.org/wiki/Humanism
" This page was last edited on 8 October 2022, at 06:01",,https://en.wikipedia.org/wiki/Our_Hen_House
" This page was last edited on 28 September 2022, at 09:01",,https://en.wikipedia.org/wiki/Mark_Thomas
" This page was last edited on 27 September 2022, at 11:00",,https://en.wikipedia.org/wiki/Individualist_anarchism
" This page was last edited on 2 October 2022, at 17:31",,https://en.wikipedia.org/wiki/Geezer_Butler
" This page was last edited on 20 July 2022, at 21:41",,https://en.wikipedia.org/wiki/National_Anti-Vivisection_Society
" This page was last edited on 13 October 2022, at 08:33",,https://en.wikipedia.org/wiki/Richard_Herring
" This page was last edited on 12 September 2022, at 17:48","[<Selector xpath='//h1/i/text()' data='The Late, Late Breakfast Show'>]","https://en.wikipedia.org/wiki/The_Late,_Late_Breakfast_Show"
" This page was last edited on 12 October 2022, at 06:10",,https://en.wikipedia.org/wiki/Institut_fran%C3%A7ais
" This page was last edited on 14 April 2022, at 09:01",,https://en.wikipedia.org/wiki/Pieter_Duisenberg
" This page was last edited on 18 January 2022, at 00:15",,https://en.wikipedia.org/wiki/Sander_Dekker
" This page was last edited on 29 January 2022, at 19:49",,https://en.wikipedia.org/wiki/Remco_Dijkstra
" This page was last edited on 8 October 2022, at 00:16",,https://en.wikipedia.org/wiki/Han_ten_Broeke
" This page was last edited on 18 April 2022, at 21:44",,https://en.wikipedia.org/wiki/Tracey_Moberly
" This page was last edited on 28 August 2022, at 20:50",,https://en.wikipedia.org/wiki/Zohair_El_Yassini
" This page was last edited on 10 May 2022, at 05:31",,https://en.wikipedia.org/wiki/Andr%C3%A9_Bosman
" This page was last edited on 19 October 2022, at 10:12",,https://en.wikipedia.org/wiki/Engadget
" This page was last edited on 11 October 2022, at 03:33",,https://en.wikipedia.org/wiki/London_Marathon
" This page was last edited on 4 April 2022, at 18:56",[<Selector xpath='//h1/i/text()' data='Me1 vs Me2 Snooker with Richard Herring'>],https://en.wikipedia.org/wiki/Me1_vs_Me2_Snooker_with_Richard_Herring
" This page was last edited on 3 October 2022, at 23:07",,https://en.wikipedia.org/wiki/Sally_Phillips
" This page was last edited on 3 September 2022, at 12:16",,https://en.wikipedia.org/wiki/BBC_6Music
" This page was last edited on 12 June 2022, at 06:42",,https://en.wikipedia.org/wiki/Kelly_Marcel
" This page was last edited on 14 October 2022, at 05:11",,https://en.wikipedia.org/wiki/Julia_Sawalha
" This page was last edited on 10 January 2022, at 11:03", (radio show),https://en.wikipedia.org/wiki/Banter_(radio_show)
" This page was last edited on 13 August 2021, at 04:46",,https://en.wikipedia.org/wiki/Scope_(charity)
" This page was last edited on 12 October 2022, at 06:10",,https://en.wikipedia.org/wiki/Institut_Fran%C3%A7ais
" This page was last edited on 30 September 2022, at 09:11",,https://en.wikipedia.org/wiki/Pro_Helvetia
" This page was last edited on 2 October 2022, at 23:18",,https://en.wikipedia.org/wiki/BBC_2
" This page was last edited on 30 July 2022, at 04:46",,https://en.wikipedia.org/wiki/Religious_exclusivism
" This page was last edited on 16 October 2022, at 11:35",,https://en.wikipedia.org/wiki/Sky_1
" This page was last edited on 17 October 2022, at 07:34",,https://en.wikipedia.org/wiki/British_Council
" This page was last edited on 24 February 2022, at 00:46",,https://en.wikipedia.org/wiki/Ukrainian_Institute
" This page was last edited on 8 October 2022, at 19:35",,https://en.wikipedia.org/wiki/BBC_1
lastUpdated,title,url
" This page was last edited on 22 September 2022, at 07:42",,https://en.wikipedia.org/wiki/Kevin_Bacon
" This page was last edited on 6 October 2022, at 17:02",,https://en.wikipedia.org/wiki/Hollywood_Walk_of_Fame
" This page was last edited on 12 June 2022, at 14:34",,https://en.wikipedia.org/wiki/Kevin_Bacon_(disambiguation)
" This page was last edited on 2 March 2021, at 15:35",,https://en.wikipedia.org/wiki/SixDegrees.org
" This page was last edited on 20 October 2022, at 15:08",,https://en.wikipedia.org/wiki/Kevin_Bacon_filmography
" This page was last edited on 19 October 2022, at 08:02",,https://en.wikipedia.org/wiki/Six_Degrees_of_Kevin_Bacon
" This page was last edited on 16 October 2022, at 07:40",,https://en.wikipedia.org/wiki/Kyra_Sedgwick
" This page was last edited on 19 October 2022, at 20:02",,https://en.wikipedia.org/wiki/Academy_Award
" This page was last edited on 24 September 2022, at 08:41",,https://en.wikipedia.org/wiki/EE_Limited
" This page was last edited on 7 August 2022, at 20:49", (TV series),https://en.wikipedia.org/wiki/I_Love_Dick_(TV_series)
" This page was last edited on 13 May 2022, at 15:50",,https://en.wikipedia.org/wiki/Golden_Globe_Award_for_Best_Actor_%E2%80%93_Television_Series_Musical_or_Comedy
" This page was last edited on 6 September 2022, at 12:19",,https://en.wikipedia.org/wiki/Streaming_television
" This page was last edited on 24 September 2022, at 18:16",,https://en.wikipedia.org/wiki/Primetime_Emmy_Award
" This page was last edited on 20 October 2022, at 21:15",,"https://en.wikipedia.org/wiki/Philadelphia,_Pennsylvania"
" This page was last edited on 26 September 2022, at 22:43",,https://en.wikipedia.org/wiki/Screen_Actors_Guild_Award
" This page was last edited on 27 June 2022, at 04:28",,https://en.wikipedia.org/wiki/Trove_(identifier)
" This page was last edited on 25 June 2021, at 19:17",,https://en.wikipedia.org/wiki/SUDOC_(identifier)
" This page was last edited on 21 October 2022, at 18:27",[<Selector xpath='//h1/i/text()' data='The Guardian'>],https://en.wikipedia.org/wiki/The_Guardian
" This page was last edited on 5 October 2022, at 19:27",,https://en.wikipedia.org/wiki/Main_Page
" This page was last edited on 18 October 2022, at 04:00",,https://en.wikipedia.org/wiki/MBA_(identifier)
" This page was last edited on 19 October 2022, at 12:54",,https://en.wikipedia.org/wiki/Short_film
" This page was last edited on 27 January 2022, at 02:50",,https://en.wikipedia.org/wiki/RERO_(identifier)
" This page was last edited on 10 October 2022, at 07:38",,https://en.wikipedia.org/wiki/VIAF_(identifier)
" This page was last edited on 21 July 2022, at 10:44",,https://en.wikipedia.org/wiki/Jack_Swigert
" This page was last edited on 6 October 2022, at 10:46",,https://en.wikipedia.org/wiki/Entertainment_industry
" This page was last edited on 23 September 2022, at 20:44", (film),https://en.wikipedia.org/wiki/Nomadland_(film)
" This page was last edited on 18 October 2022, at 23:54", (film),https://en.wikipedia.org/wiki/The_Power_of_the_Dog_(film)
" This page was last edited on 21 October 2022, at 00:22", (film),https://en.wikipedia.org/wiki/Belfast_(film)
" This page was last edited on 22 September 2022, at 01:52",,https://en.wikipedia.org/wiki/New_York_Skyride
" This page was last edited on 20 October 2022, at 14:14",,https://en.wikipedia.org/wiki/Wi-Fi
" This page was last edited on 21 October 2022, at 02:40",,https://en.wikipedia.org/wiki/California
" This page was last edited on 21 October 2022, at 13:49",,https://en.wikipedia.org/wiki/Kenneth_Branagh
" This page was last edited on 18 September 2022, at 23:01",,https://en.wikipedia.org/wiki/Academy_Award_for_Best_Original_Screenplay
" This page was last edited on 12 August 2022, at 23:16",,https://en.wikipedia.org/wiki/Jane_Campion
" This page was last edited on 17 October 2022, at 19:43",,https://en.wikipedia.org/wiki/Academy_Award_for_Best_Director
" This page was last edited on 12 October 2022, at 23:29",,https://en.wikipedia.org/wiki/Minimum_wage
" This page was last edited on 28 August 2022, at 15:50",,https://en.wikipedia.org/wiki/Congressional_Research_Service
" This page was last edited on 11 October 2022, at 02:18",,https://en.wikipedia.org/wiki/List_of_U.S._states_by_GDP_per_capita
" This page was last edited on 7 October 2022, at 00:09",,https://en.wikipedia.org/wiki/Grapes
" This page was last edited on 24 September 2022, at 19:28",,https://en.wikipedia.org/wiki/Poverty_in_the_United_States
" This page was last edited on 6 October 2022, at 14:36",,https://en.wikipedia.org/wiki/Migrant_worker
" This page was last edited on 19 October 2022, at 12:48",,https://en.wikipedia.org/wiki/Appalachia
" This page was last edited on 27 July 2022, at 14:03",,https://en.wikipedia.org/wiki/Cream
" This page was last edited on 21 October 2022, at 07:57",,https://en.wikipedia.org/wiki/United_States_Department_of_Agriculture
" This page was last edited on 27 September 2022, at 02:37",,"https://en.wikipedia.org/wiki/San_Simeon,_California"
" This page was last edited on 9 April 2020, at 18:42",,https://en.wikipedia.org/wiki/California_unemployment_statistics
" This page was last edited on 13 October 2022, at 22:24",,https://en.wikipedia.org/wiki/Almonds
" This page was last edited on 11 September 2022, at 22:58",,https://en.wikipedia.org/wiki/Hearst_Castle
" This page was last edited on 6 October 2022, at 12:20",,https://en.wikipedia.org/wiki/Milk
" This page was last edited on 6 October 2022, at 17:40",,https://en.wikipedia.org/wiki/Economy_of_South_America
" This page was last edited on 7 October 2022, at 20:37",,"https://en.wikipedia.org/wiki/Santa_Paula,_California"
" This page was last edited on 28 May 2022, at 09:25",,https://en.wikipedia.org/wiki/Milk_line
" This page was last edited on 21 September 2022, at 12:42",,https://en.wikipedia.org/wiki/Operation_Flood
" This page was last edited on 15 August 2022, at 17:55",,https://en.wikipedia.org/wiki/List_of_dairy_products
" This page was last edited on 21 October 2022, at 09:19",,https://en.wikipedia.org/wiki/Human_breast_milk
" This page was last edited on 17 May 2022, at 15:11",,https://en.wikipedia.org/wiki/Health_mark
" This page was last edited on 19 October 2022, at 05:03",,https://en.wikipedia.org/wiki/List_of_national_drinks
" This page was last edited on 8 August 2022, at 06:09",,https://en.wikipedia.org/wiki/Oat_milk
" This page was last edited on 8 September 2022, at 04:51",,https://en.wikipedia.org/wiki/Bovine_Meat_and_Milk_Factors
" This page was last edited on 4 August 2022, at 17:55",,https://en.wikipedia.org/wiki/Milk_borne_diseases
" This page was last edited on 20 October 2022, at 09:26",[<Selector xpath='//h1/i/text()' data='Halakha'>],https://en.wikipedia.org/wiki/Halakha
" This page was last edited on 22 September 2022, at 18:07",[<Selector xpath='//h1/i/text()' data='Chalav Yisrael'>],https://en.wikipedia.org/wiki/Chalav_Yisrael
" This page was last edited on 15 October 2022, at 13:33",,https://en.wikipedia.org/wiki/Elephant_seals
" This page was last edited on 6 September 2022, at 18:24",,https://en.wikipedia.org/wiki/Blocked_milk_duct
" This page was last edited on 16 February 2021, at 22:14",,https://en.wikipedia.org/wiki/Babcock_test
" This page was last edited on 21 September 2022, at 18:53",,https://en.wikipedia.org/wiki/Feral_cats
" This page was last edited on 12 June 2022, at 06:09",[<Selector xpath='//h1/i/text()' data='On Food and Cooking'>],https://en.wikipedia.org/wiki/On_Food_and_Cooking
" This page was last edited on 17 October 2022, at 17:12",,https://en.wikipedia.org/wiki/Tabla
" This page was last edited on 26 June 2022, at 23:16",,https://en.wikipedia.org/wiki/Temple_dance
" This page was last edited on 16 August 2022, at 12:54",,https://en.wikipedia.org/wiki/Firewalking
" This page was last edited on 15 September 2022, at 06:22",,https://en.wikipedia.org/wiki/Hindu_iconography
" This page was last edited on 9 October 2022, at 10:04",,https://en.wikipedia.org/wiki/Sanskara_(rite_of_passage)
" This page was last edited on 27 September 2022, at 09:58",,https://en.wikipedia.org/wiki/Western_gull
" This page was last edited on 10 October 2022, at 11:15",,https://en.wikipedia.org/wiki/Amrita_Patel
" This page was last edited on 16 October 2022, at 03:22",,https://en.wikipedia.org/wiki/South-eastern_Europe
" This page was last edited on 20 October 2022, at 00:38",,https://en.wikipedia.org/wiki/Ayran
" This page was last edited on 20 October 2022, at 22:36",,https://en.wikipedia.org/wiki/Balkans
" This page was last edited on 9 October 2022, at 12:19",,https://en.wikipedia.org/wiki/Tulsi_Vivah
" This page was last edited on 20 October 2022, at 18:29",,https://en.wikipedia.org/wiki/Turkish_cuisine
" This page was last edited on 24 August 2022, at 11:06",,https://en.wikipedia.org/wiki/Acidophiline
" This page was last edited on 28 June 2022, at 20:13",[<Selector xpath='//h1/i/text()' data='Streptococcus thermophilus'>],https://en.wikipedia.org/wiki/Streptococcus_thermophilus
" This page was last edited on 17 April 2022, at 17:21",,https://en.wikipedia.org/wiki/Caudle
" This page was last edited on 3 August 2022, at 14:09",,https://en.wikipedia.org/wiki/Phosphoprotein
" This page was last edited on 18 October 2022, at 13:12",,https://en.wikipedia.org/wiki/Egg_yolk
" This page was last edited on 16 September 2022, at 20:45",,https://en.wikipedia.org/wiki/Cr%C3%A8me_anglaise
" This page was last edited on 15 September 2022, at 13:59",,https://en.wikipedia.org/wiki/Cream_cheese
" This page was last edited on 18 October 2022, at 15:50",,https://en.wikipedia.org/wiki/Camels
" This page was last edited on 17 October 2022, at 21:03",,https://en.wikipedia.org/wiki/USSR
" This page was last edited on 11 October 2022, at 06:22",,https://en.wikipedia.org/wiki/Cow
" This page was last edited on 12 October 2022, at 17:33",,https://en.wikipedia.org/wiki/Shraavana
" This page was last edited on 4 September 2022, at 12:10",,https://en.wikipedia.org/wiki/Menarche
" This page was last edited on 2 October 2022, at 16:34",[<Selector xpath='//h1/i/text()' data='Brahmacharya'>],https://en.wikipedia.org/wiki/Brahmacharya
" This page was last edited on 16 April 2022, at 22:17",,https://en.wikipedia.org/wiki/Mangal_(barbecue)
" This page was last edited on 19 October 2022, at 12:50",,https://en.wikipedia.org/wiki/Doner_kebap
" This page was last edited on 30 May 2022, at 12:25",,https://en.wikipedia.org/wiki/Ritusuddhi
" This page was last edited on 1 October 2022, at 08:25",,https://en.wikipedia.org/wiki/Cypriot_cuisine
" This page was last edited on 19 October 2022, at 20:42",,https://en.wikipedia.org/wiki/Albanian_cuisine
" This page was last edited on 6 October 2022, at 16:21",,https://en.wikipedia.org/wiki/Mesopotamian_cuisine
" This page was last edited on 7 March 2022, at 15:17",,https://en.wikipedia.org/wiki/Magha_(month)
" This page was last edited on 27 August 2022, at 00:38",,https://en.wikipedia.org/wiki/Turkmen_cuisine
" This page was last edited on 11 October 2022, at 17:10",[<Selector xpath='//h1/i/text()' data='Cornus mas'>],https://en.wikipedia.org/wiki/Cornelian_cherry
" This page was last edited on 20 October 2022, at 05:46",,https://en.wikipedia.org/wiki/Sherbet_(Middle_Eastern_drink)
" This page was last edited on 18 August 2022, at 10:14",,https://en.wikipedia.org/wiki/Armenian_cuisine
" This page was last edited on 22 August 2022, at 14:38",,https://en.wikipedia.org/wiki/Leblebi
" This page was last edited on 16 October 2022, at 16:07",,https://en.wikipedia.org/wiki/Sahlep
" This page was last edited on 18 October 2022, at 15:28",,https://en.wikipedia.org/wiki/Green_Bean
" This page was last edited on 3 September 2022, at 02:28",,https://en.wikipedia.org/wiki/Rabbit_Stew
" This page was last edited on 12 July 2022, at 16:49",,https://en.wikipedia.org/wiki/Bibliography_of_Albania
" This page was last edited on 19 October 2022, at 20:42",,https://en.wikipedia.org/wiki/Pite_(food)
" This page was last edited on 7 October 2022, at 00:36",,https://en.wikipedia.org/wiki/Rice_Pudding
" This page was last edited on 11 October 2022, at 04:20",,https://en.wikipedia.org/wiki/Olivier_salad
" This page was last edited on 17 October 2022, at 21:44",,https://en.wikipedia.org/wiki/Kukurec
" This page was last edited on 21 October 2022, at 21:05",,https://en.wikipedia.org/wiki/Cham_Albanians
" This page was last edited on 9 September 2018, at 09:06",,https://en.wikipedia.org/wiki/Copyright_law_of_Albania
" This page was last edited on 26 July 2022, at 05:00",,https://en.wikipedia.org/wiki/Albanian_passport
" This page was last edited on 10 April 2022, at 15:28",,https://en.wikipedia.org/wiki/Epitaph_of_Gllavenica
" This page was last edited on 14 October 2022, at 17:17",,https://en.wikipedia.org/wiki/Coat_of_arms_of_Albania
" This page was last edited on 15 June 2022, at 21:07",,https://en.wikipedia.org/wiki/Smoking_in_Albania
" This page was last edited on 14 October 2022, at 07:57",,https://en.wikipedia.org/wiki/Public_holidays_in_Albania
" This page was last edited on 21 October 2022, at 19:41",,https://en.wikipedia.org/wiki/List_of_Albanian_flags
" This page was last edited on 2 March 2019, at 18:04",,https://en.wikipedia.org/wiki/K._P._Prabhakaran_Nair
" This page was last edited on 18 September 2022, at 17:27",,"https://en.wikipedia.org/wiki/Orders,_decorations_and_medals_of_Albania"
" This page was last edited on 4 May 2021, at 16:36",,https://en.wikipedia.org/wiki/Arpi
" This page was last edited on 18 June 2022, at 17:56",,https://en.wikipedia.org/wiki/Ararat_(disambiguation)
" This page was last edited on 2 September 2022, at 19:50",,https://en.wikipedia.org/wiki/Smoking_room
" This page was last edited on 18 June 2022, at 20:36",,https://en.wikipedia.org/wiki/Smoking_pipe
" This page was last edited on 10 August 2022, at 02:11",,https://en.wikipedia.org/wiki/Smoking_jacket
" This page was last edited on 9 October 2022, at 12:14",,https://en.wikipedia.org/wiki/Tobacco_pipe
" This page was last edited on 11 October 2022, at 22:19",,https://en.wikipedia.org/wiki/Tobacco_smoking
" This page was last edited on 29 July 2022, at 16:20",,https://en.wikipedia.org/wiki/Nicotine_marketing
" This page was last edited on 25 September 2022, at 12:58",,https://en.wikipedia.org/wiki/Tobacco_industry
" This page was last edited on 9 March 2022, at 15:47",,https://en.wikipedia.org/wiki/Tobacco_bowdlerization
" This page was last edited on 30 August 2022, at 03:53",,https://en.wikipedia.org/wiki/History_of_smoking
" This page was last edited on 19 October 2022, at 07:59",,https://en.wikipedia.org/wiki/Smoking_fetishism
" This page was last edited on 2 July 2022, at 23:59",,https://en.wikipedia.org/wiki/Chain_smoking
" This page was last edited on 22 July 2022, at 00:37",,https://en.wikipedia.org/wiki/Smokeasy
" This page was last edited on 20 June 2022, at 20:28",,https://en.wikipedia.org/wiki/Smoking_in_association_football
" This page was last edited on 24 July 2022, at 18:33",,https://en.wikipedia.org/wiki/Smoking_ban_in_England
" This page was last edited on 1 October 2022, at 17:56",,https://en.wikipedia.org/wiki/List_of_countries_by_tobacco_consumption
" This page was last edited on 9 April 2022, at 15:02",,https://en.wikipedia.org/wiki/Loi_%C3%89vin
" This page was last edited on 8 October 2022, at 22:00",,https://en.wikipedia.org/wiki/Albania_under_Italy
" This page was last edited on 15 October 2022, at 08:33",,https://en.wikipedia.org/wiki/Roma_people_of_Greece
" This page was last edited on 16 October 2022, at 12:44",,https://en.wikipedia.org/wiki/Huarache_(food)
" This page was last edited on 29 September 2022, at 22:00",,https://en.wikipedia.org/wiki/Gordita
" This page was last edited on 2 October 2022, at 19:30",,https://en.wikipedia.org/wiki/Duros_(food)
" This page was last edited on 16 October 2022, at 13:46",,https://en.wikipedia.org/wiki/Protectorate
" This page was last edited on 3 July 2021, at 17:59",,https://en.wikipedia.org/wiki/Doblada_(Mexican_cuisine)
" This page was last edited on 16 October 2022, at 00:34",,https://en.wikipedia.org/wiki/Cigar
" This page was last edited on 9 October 2022, at 12:14",,https://en.wikipedia.org/wiki/Smoking_pipe_(tobacco)
" This page was last edited on 4 June 2022, at 01:31",,https://en.wikipedia.org/wiki/Tailcoat
" This page was last edited on 16 October 2022, at 13:02",,https://en.wikipedia.org/wiki/Corunda
" This page was last edited on 4 June 2022, at 01:31",,https://en.wikipedia.org/wiki/Dress_coat
" This page was last edited on 21 October 2022, at 19:26",,https://en.wikipedia.org/wiki/Edward_VII
" This page was last edited on 30 March 2022, at 03:04",,https://en.wikipedia.org/wiki/Pedal_pushers
" This page was last edited on 29 August 2022, at 08:37",,https://en.wikipedia.org/wiki/List_of_Taiwanese_flags
" This page was last edited on 4 June 2022, at 07:11",,https://en.wikipedia.org/wiki/List_of_Togolese_flags
" This page was last edited on 25 June 2022, at 21:57",,https://en.wikipedia.org/wiki/List_of_Thai_flags
" This page was last edited on 22 May 2022, at 21:01",,https://en.wikipedia.org/wiki/List_of_Tanzanian_flags
" This page was last edited on 9 October 2022, at 19:39",,https://en.wikipedia.org/wiki/Dinner_jacket
" This page was last edited on 5 August 2022, at 15:02",,https://en.wikipedia.org/wiki/Parachute_pants
" This page was last edited on 7 August 2022, at 12:26",,https://en.wikipedia.org/wiki/Flags_and_arms_of_cantons_of_Switzerland
" This page was last edited on 22 April 2022, at 20:50",,https://en.wikipedia.org/wiki/Gourma_Province
" This page was last edited on 26 June 2022, at 00:48",,https://en.wikipedia.org/wiki/Gwandu
" This page was last edited on 20 September 2022, at 23:22",,https://en.wikipedia.org/wiki/German_Samoa
" This page was last edited on 19 October 2022, at 21:54",,https://en.wikipedia.org/wiki/Ruanda-Urundi
" This page was last edited on 21 October 2022, at 21:37",,https://en.wikipedia.org/wiki/Denmark_in_World_War_II
" This page was last edited on 9 October 2022, at 12:23",,https://en.wikipedia.org/wiki/Sikkim
" This page was last edited on 4 May 2022, at 10:07",,https://en.wikipedia.org/wiki/Alofi_Island
" This page was last edited on 21 October 2022, at 17:40",,https://en.wikipedia.org/wiki/Kingdom_of_Bhutan
" This page was last edited on 16 October 2022, at 08:03",,https://en.wikipedia.org/wiki/North_Solomon_Islands
" This page was last edited on 9 October 2022, at 05:00",,https://en.wikipedia.org/wiki/Wituland
" This page was last edited on 14 October 2022, at 06:50",,https://en.wikipedia.org/wiki/German_South_West_Africa
" This page was last edited on 20 October 2022, at 15:01",,https://en.wikipedia.org/wiki/German_New_Guinea
" This page was last edited on 19 September 2022, at 20:17",,https://en.wikipedia.org/wiki/List_of_former_German_colonies
" This page was last edited on 26 August 2022, at 11:31",,https://en.wikipedia.org/wiki/Futuna_(Wallis_and_Futuna)
" This page was last edited on 13 June 2022, at 06:21",,https://en.wikipedia.org/wiki/Amy_Vanderbilt
" This page was last edited on 19 July 2022, at 10:31",,https://en.wikipedia.org/wiki/Alo_(Wallis_and_Futuna)
" This page was last edited on 3 August 2022, at 01:28",,https://en.wikipedia.org/wiki/Seabourn_Cruise_Line
" This page was last edited on 3 October 2022, at 15:59",,https://en.wikipedia.org/wiki/Dress_uniform
lastUpdated,title,url
" This page was last edited on 22 September 2022, at 07:42",,https://en.wikipedia.org/wiki/Kevin_Bacon
" This page was last edited on 14 July 2022, at 08:53",,https://en.wikipedia.org/wiki/Glory_Van_Scott
" This page was last edited on 20 October 2022, at 21:15",,https://en.wikipedia.org/wiki/Philadelphia
" This page was last edited on 10 July 2022, at 10:03",,https://en.wikipedia.org/wiki/Nancy_Mills
" This page was last edited on 4 October 2022, at 07:19",,https://en.wikipedia.org/wiki/Julia_R._Masterman_High_School
" This page was last edited on 17 September 2022, at 03:01",,https://en.wikipedia.org/wiki/Pennsylvania_Governor%27s_School_for_the_Arts
" This page was last edited on 27 September 2022, at 15:47",,https://en.wikipedia.org/wiki/Circle_in_the_Square
" This page was last edited on 18 October 2022, at 10:44", (magazine),https://en.wikipedia.org/wiki/Cosmopolitan_(magazine)
" This page was last edited on 19 October 2022, at 17:50",,https://en.wikipedia.org/wiki/Bucknell_University
" This page was last edited on 2 March 2021, at 15:35",,https://en.wikipedia.org/wiki/SixDegrees.org
" This page was last edited on 24 September 2022, at 08:41",,https://en.wikipedia.org/wiki/EE_Limited
" This page was last edited on 19 October 2022, at 08:02",,https://en.wikipedia.org/wiki/Six_Degrees_of_Kevin_Bacon
" This page was last edited on 6 October 2022, at 17:02",,https://en.wikipedia.org/wiki/Hollywood_Walk_of_Fame
" This page was last edited on 25 June 2021, at 19:17",,https://en.wikipedia.org/wiki/SUDOC_(identifier)
" This page was last edited on 27 January 2022, at 02:50",,https://en.wikipedia.org/wiki/RERO_(identifier)
" This page was last edited on 27 June 2022, at 04:28",,https://en.wikipedia.org/wiki/Trove_(identifier)
" This page was last edited on 13 May 2022, at 15:50",,https://en.wikipedia.org/wiki/Golden_Globe_Award_for_Best_Actor_%E2%80%93_Television_Series_Musical_or_Comedy
" This page was last edited on 5 October 2022, at 19:27",,https://en.wikipedia.org/wiki/Main_Page
" This page was last edited on 19 October 2022, at 20:02",,https://en.wikipedia.org/wiki/Academy_Award
" This page was last edited on 7 October 2022, at 23:04",,https://en.wikipedia.org/wiki/Emmett_Till
" This page was last edited on 21 October 2022, at 18:27",[<Selector xpath='//h1/i/text()' data='The Guardian'>],https://en.wikipedia.org/wiki/The_Guardian
